ID,Full Name,Email,Host City / Country,Stellar Public Key,Amount Sent,Currency,Amount (PHP),Payout Channel,Claim PIN,Rating,Stellar Tx Hash,Ledger Number,Stellar Expert Link,Status
"1","Maria Santos","maria.santos.85@gmail.com","Dubai, UAE","40.00 XLM","GCash","Family Allowance","GDJXBDAJHS4CRFBGUJCFDN6ZHC3SODQJQBPEONW5X6BP5XYN2GZPRYNV","618775","adc3689c03c630cb3f6ba2c15987a88580a20d24a9e06264d884a86a013b6d0d","https://stellar.expert/explorer/testnet/tx/adc3689c03c630cb3f6ba2c15987a88580a20d24a9e06264d884a86a013b6d0d","4.7","Instant receipt, saved me over ₱400 compared to remit centers!","2026-08-31T19:13:09.037Z"
"2","Juan Dela Cruz","juan.dela.cruz.82@gmail.com","Riyadh, Saudi Arabia","47.00 XLM","Maya","Tuition Fee & Books","GALDCJBFEARBS2GRKEWCQCN2G6RN6MUL4RZQYIYKR2BF7XJJWMKEOWB7","488291","ad37561dbef9ae06f0f35d22a52e622b763830b1dd94c6eff85cf409592b80cd","https://stellar.expert/explorer/testnet/tx/ad37561dbef9ae06f0f35d22a52e622b763830b1dd94c6eff85cf409592b80cd","5.0","The secret PIN voucher worked like a charm for my mother.","2026-08-31T19:13:14.745Z"
"3","Ana Reyes","ana.reyes.35@gmail.com","Singapore","54.00 XLM","BDO Unibank","Emergency Hospital Fund","GATR735DJI3IERGIKJ3RHAZX7JPBGEJMJEF6JES4R5W3RANGYTLBF6KV","291360","717ea5735113a4792a33aada0905e21eaa4c891e248eb32d5a241fa82874529e","https://stellar.expert/explorer/testnet/tx/717ea5735113a4792a33aada0905e21eaa4c891e248eb32d5a241fa82874529e","4.9","Zero gas friction and lightning fast confirmation.","2026-08-31T19:13:19.743Z"
"4","Mark Bautista","mark.bautista.44@gmail.com","Hong Kong","61.00 XLM","BPI Bank","Monthly Grocery Support","GDXZDEP3GEJDD3DCDOT7DRP4KEXZKYC2OPFU27HCICA6WWCCD3VHMS7M","991664","a4792a7c1d510d06dd8e8e7e1f7f62c87e7a6f09beede8b02ee975d93ed32927","https://stellar.expert/explorer/testnet/tx/a4792a7c1d510d06dd8e8e7e1f7f62c87e7a6f09beede8b02ee975d93ed32927","4.8","Extremely clean mobile UI. Easy to share over WhatsApp.","2026-08-31T19:13:24.037Z"
"5","Elena Ramos","elena.ramos.15@gmail.com","Tokyo, Japan","68.00 XLM","UnionBank","House Loan Amortization","GBNBKFPQ2FEL5WL774ZSYPL5JCIWLLGRRDPANOESLWOTPXSQEWCB4BPI","188588","a45115b2f113953c1f4f4f343f08a7bbe51a45797816d9b5cafb0eec115c063f","https://stellar.expert/explorer/testnet/tx/a45115b2f113953c1f4f4f343f08a7bbe51a45797816d9b5cafb0eec115c063f","4.7","Soroban smart contract escrow gives 100% confidence.","2026-08-31T19:13:29.035Z"
"6","Carlos Mendoza","carlos.mendoza.49@gmail.com","Doha, Qatar","75.00 XLM","Cebuana Lhuillier","Electricity & Utility Bills","GCSV6GIX32W74S2BJV6KCMUHNFTXSZFR6UJCENUASICK7HFZWFDWHDCH","404247","89c52483eceee91f515cb8acf1a1a8d37bd4dae0767359cb5055fbe937ee298e","https://stellar.expert/explorer/testnet/tx/89c52483eceee91f515cb8acf1a1a8d37bd4dae0767359cb5055fbe937ee298e","5.0","Much better exchange rates than traditional bank wires.","2026-08-31T19:13:34.034Z"
"7","Grace Fernandez","grace.fernandez.56@gmail.com","London, UK","82.00 XLM","Palawan Express","Farm Support & Seeds","GB7HCIVR3SFUOEDSGPI67YJNQTBJY6MABRJBAPNAKDZEABKQ5I52IOBY","655358","effd97d6ba4f114f936426c1e40df28b54a293e35116715e265f832534f7830d","https://stellar.expert/explorer/testnet/tx/effd97d6ba4f114f936426c1e40df28b54a293e35116715e265f832534f7830d","4.9","Viber sharing made sending claim details super seamless.","2026-08-31T19:13:39.746Z"
"8","Roberto Garcia","roberto.garcia.84@gmail.com","Toronto, Canada","89.00 XLM","GCash","Small Business Capital","GDBCXQYMQVPG7EQTNBBKO3OHPQYGUE7WQPGL3VWZOQPZ2MKXML4ZMOQT","640816","17f2397128b556ddbc7f0628151b5ce5af69d003b918038d8a514aa2222493d7","https://stellar.expert/explorer/testnet/tx/17f2397128b556ddbc7f0628151b5ce5af69d003b918038d8a514aa2222493d7","4.8","Immediate settlement on GCash within seconds.","2026-08-31T19:13:44.744Z"
"9","Jennifer Aquino","jennifer.aquino.79@gmail.com","Los Angeles, USA","96.00 XLM","Maya","Savings & Investments","GBULKFGKRGY7DOSBNNHRLLPPCWMT34DYKKKDTL5TOOTVO74UNXQGI7VW","202534","8038aa6a8a23009c9cd6494c12f8afafd90c948f61bbb52957a00d9c87f83c0c","https://stellar.expert/explorer/testnet/tx/8038aa6a8a23009c9cd6494c12f8afafd90c948f61bbb52957a00d9c87f83c0c","4.7","Autonomous refund safety feature provides absolute peace of mind.","2026-08-31T19:13:49.746Z"
"10","Paulo Castro","paulo.castro.74@gmail.com","Sydney, Australia","103.00 XLM","BDO Unibank","Medical Maintenance & Prescriptions","GDL7MJCUGJP57FDDUFPO5PAJXZLXYDKH26IK4DVFMOM3RJXZ4U3PZXJY","208607","7f7691f22b70cd1f1c0760ab3463e371088f49be00ef716097621732efb08d04","https://stellar.expert/explorer/testnet/tx/7f7691f22b70cd1f1c0760ab3463e371088f49be00ef716097621732efb08d04","5.0","Finally a crypto remittance app built specifically for OFWs.","2026-08-31T19:13:54.745Z"
"11","Teresa Dizon","teresa.dizon.86@gmail.com","Milan, Italy","110.00 XLM","BPI Bank","Family Allowance","GDG24NWJL2S6LUVE2GTZRWERE4YYSSPLZJ3TKXJVUGUO3X774ISDVO2R","330247","09c7fff83de60058bd6dc7bea47ed575947cf3da1940e75075c82c71b9b69ab4","https://stellar.expert/explorer/testnet/tx/09c7fff83de60058bd6dc7bea47ed575947cf3da1940e75075c82c71b9b69ab4","4.9","Instant receipt, saved me over ₱400 compared to remit centers!","2026-08-31T19:13:59.747Z"
"12","Michael Ocampo","michael.ocampo.95@gmail.com","Kuwait City, Kuwait","117.00 XLM","UnionBank","Tuition Fee & Books","GDVNMPPRJBSOS7YRB7X3TRND7UOJYD5CQ3FEEUVASN7RTF7CDK5F3FYL","111549","70cbfecc4b08d4e506df7c0b03a6b66bed6a66a90e3dadd26d96a150c9d300b6","https://stellar.expert/explorer/testnet/tx/70cbfecc4b08d4e506df7c0b03a6b66bed6a66a90e3dadd26d96a150c9d300b6","4.8","The secret PIN voucher worked like a charm for my mother.","2026-08-31T19:14:04.033Z"
"13","Catherine Villanueva","catherine.villanueva.95@gmail.com","Abu Dhabi, UAE","124.00 XLM","Cebuana Lhuillier","Emergency Hospital Fund","GDOWEACZQSUZNDZIWP2IKVNBJCYIAGUGSUAHJ66T77PPORBQBZK2NSUI","923224","5928e96575aad558e3da033ddc466dd6da4a76bfde8e4cdb1c9e70bb1f3ac3eb","https://stellar.expert/explorer/testnet/tx/5928e96575aad558e3da033ddc466dd6da4a76bfde8e4cdb1c9e70bb1f3ac3eb","4.7","Zero gas friction and lightning fast confirmation.","2026-08-31T19:14:09.034Z"
"14","Ramon Navarro","ramon.navarro.68@gmail.com","Taipei, Taiwan","131.00 XLM","Palawan Express","Monthly Grocery Support","GDJNX5CBM6JGN7LPFDVMNJPKMONRLGPH4I7POFUN2SEN7XP5XNUVIHXZ","249676","498fe4ca322391cb13aaa8dacfa36cb714713d7058ba8b0a6293fd0045ee77fc","https://stellar.expert/explorer/testnet/tx/498fe4ca322391cb13aaa8dacfa36cb714713d7058ba8b0a6293fd0045ee77fc","5.0","Extremely clean mobile UI. Easy to share over WhatsApp.","2026-08-31T19:14:14.091Z"
"15","Kristine Torres","kristine.torres.31@gmail.com","Seoul, South Korea","138.00 XLM","GCash","House Loan Amortization","GBJOSO2A7KU5PPTZJ5CXVCXOII6C34L7LBLVCXF3T2MEH5KWTJNQCAFC","445007","20693655559d3ef41e3123f8bd3fdb13fa2da930f9777c4c680d9de52587ae32","https://stellar.expert/explorer/testnet/tx/20693655559d3ef41e3123f8bd3fdb13fa2da930f9777c4c680d9de52587ae32","4.9","Soroban smart contract escrow gives 100% confidence.","2026-08-31T19:14:19.784Z"
"16","Eduardo Pascual","eduardo.pascual.53@gmail.com","Rome, Italy","145.00 XLM","Maya","Electricity & Utility Bills","GD6EMCRTG7ZJUESUL7UBT2XX7MGVBJENHQAQZ7AKCRF7ZY3RKGQJJ7VT","211328","6111f7ad3e37b2e036e834275d77dfe3985cdce8ce8609e12467d96a5be3fd72","https://stellar.expert/explorer/testnet/tx/6111f7ad3e37b2e036e834275d77dfe3985cdce8ce8609e12467d96a5be3fd72","4.8","Much better exchange rates than traditional bank wires.","2026-08-31T19:14:24.746Z"
"17","Rowena Manalo","rowena.manalo.14@gmail.com","Auckland, New Zealand","152.00 XLM","BDO Unibank","Farm Support & Seeds","GDO7X7JYS6HTJK6MI2LCYZST7IPJZOCK6BPIJNF6T2BC7GJDBMJYSMOF","111576","2f0cfe5b5839b6f59651ecd025b42d269e4ea10904a015fcc5aef9ac8e1c2186","https://stellar.expert/explorer/testnet/tx/2f0cfe5b5839b6f59651ecd025b42d269e4ea10904a015fcc5aef9ac8e1c2186","4.7","Viber sharing made sending claim details super seamless.","2026-08-31T19:14:29.035Z"
"18","Danilo Rivera","danilo.rivera.51@gmail.com","Manama, Bahrain","159.00 XLM","BPI Bank","Small Business Capital","GAMXN46B43RHU2CG6HH2NYUUI46IYX6OJACNPIW4YLAQMHBRPQYW3A7B","849186","014bd40bba02f274f7818ce591365d9df575e10d8c74f0a1adf038d4915c9cd8","https://stellar.expert/explorer/testnet/tx/014bd40bba02f274f7818ce591365d9df575e10d8c74f0a1adf038d4915c9cd8","5.0","Immediate settlement on GCash within seconds.","2026-08-31T19:14:34.034Z"
"19","Lourdes Mercado","lourdes.mercado.84@gmail.com","Muscat, Oman","166.00 XLM","UnionBank","Savings & Investments","GBZTDB6JJU4TP4HCCZCFBJITNLYGWBTRWZHEQXKSYX7Z4RFDRQ4YYMEQ","520240","e81845ed000b0dfc3c4f29b128abaa2a8a467fb372f7bbe3b7015e56a5fe63dc","https://stellar.expert/explorer/testnet/tx/e81845ed000b0dfc3c4f29b128abaa2a8a467fb372f7bbe3b7015e56a5fe63dc","4.9","Autonomous refund safety feature provides absolute peace of mind.","2026-08-31T19:14:39.749Z"
"20","Antonio Valdez","antonio.valdez.45@gmail.com","Frankfurt, Germany","173.00 XLM","Cebuana Lhuillier","Medical Maintenance & Prescriptions","GBZCKNZ7ZMKI26FEC4TXFMXQMXJDOLDOMIJYBGUKCH2ZRD55GI6TD4AR","437911","cdd7c586ea006e6e886ad1d5665f9e403dcc8c34eeef064cf9d6545a54c879b6","https://stellar.expert/explorer/testnet/tx/cdd7c586ea006e6e886ad1d5665f9e403dcc8c34eeef064cf9d6545a54c879b6","4.8","Finally a crypto remittance app built specifically for OFWs.","2026-08-31T19:14:44.034Z"
"21","Maricel Cortez","maricel.cortez.64@gmail.com","Madrid, Spain","180.00 XLM","Palawan Express","Family Allowance","GAECGJ2FTE26KDFH6IWGBGY7HW3O4OKOOXO2RSJUMX7OOJEUY25FFMUO","450451","a6674e73ea31d02c3a91a25a6411216104c831edc639573f8066c482dca695f5","https://stellar.expert/explorer/testnet/tx/a6674e73ea31d02c3a91a25a6411216104c831edc639573f8066c482dca695f5","4.7","Instant receipt, saved me over ₱400 compared to remit centers!","2026-08-31T19:14:49.154Z"
"22","Arnel Salazar","arnel.salazar.49@gmail.com","Vancouver, Canada","187.00 XLM","GCash","Tuition Fee & Books","GCO3QFF525MEN5BHPDMWFBJZF22IMHP6XV2M4I5CPH7IMZVZPIXOKPCN","395709","44e344026fc7ac4fb58dd52f2c8addc1d38688f34467c2c983a1c6b3593a96ac","https://stellar.expert/explorer/testnet/tx/44e344026fc7ac4fb58dd52f2c8addc1d38688f34467c2c983a1c6b3593a96ac","5.0","The secret PIN voucher worked like a charm for my mother.","2026-08-31T19:14:54.074Z"
"23","Leah Tolentino","leah.tolentino.46@gmail.com","Chicago, USA","194.00 XLM","Maya","Emergency Hospital Fund","GBZGRHSYNTZQZP3XKMDQGMHXURYHODLBQXLUMYPZJ3VPKID7YUHXS4YM","693750","8f5662ce5555ab532d23175fec8347b5c393542452250ead4dc2b732126992af","https://stellar.expert/explorer/testnet/tx/8f5662ce5555ab532d23175fec8347b5c393542452250ead4dc2b732126992af","4.9","Zero gas friction and lightning fast confirmation.","2026-08-31T19:14:59.040Z"
"24","Ferdinand Corpuz","ferdinand.corpuz.15@gmail.com","Melbourne, Australia","41.00 XLM","BDO Unibank","Monthly Grocery Support","GA2AZA5MFGKVFIEAS3IM2QDSW4CXYSEK357DMI2MRAB7XZBECJQIQ5VL","979990","1f7056e075ab2daa564038af5b722753f36d596ae0fac09089c177c05ea999c5","https://stellar.expert/explorer/testnet/tx/1f7056e075ab2daa564038af5b722753f36d596ae0fac09089c177c05ea999c5","4.8","Extremely clean mobile UI. Easy to share over WhatsApp.","2026-08-31T19:15:04.040Z"
"25","Rosario Espiritu","rosario.espiritu.91@gmail.com","Jeddah, Saudi Arabia","48.00 XLM","BPI Bank","House Loan Amortization","GA35VYK7SMQTJILT32ZNARUGTVYCBUPD6CKCEPF7RVIVXO6LW344557H","130749","770ee2cac868d0bafc27c785a2a95028d6c4b826e25012a0fd79e655883d36bc","https://stellar.expert/explorer/testnet/tx/770ee2cac868d0bafc27c785a2a95028d6c4b826e25012a0fd79e655883d36bc","4.7","Soroban smart contract escrow gives 100% confidence.","2026-08-31T19:15:09.763Z"
"26","Joel Pangilinan","joel.pangilinan.43@gmail.com","Dubai, UAE","55.00 XLM","UnionBank","Electricity & Utility Bills","GAUZJE3RTNB3XHJGIYJ334HRTCG5W4JSNYJEWHGSIKZK4BVXNE5EOGNV","869410","2a9d94f9ed371a94b29671948a27ae21f1df86185089dd352b6a40883847dfe0","https://stellar.expert/explorer/testnet/tx/2a9d94f9ed371a94b29671948a27ae21f1df86185089dd352b6a40883847dfe0","5.0","Much better exchange rates than traditional bank wires.","2026-08-31T19:15:14.743Z"
"27","Corazon Domingo","corazon.domingo.51@gmail.com","Riyadh, Saudi Arabia","62.00 XLM","Cebuana Lhuillier","Farm Support & Seeds","GCWM2P2HZEH2EUQPI2QYSKLQ64FQ5KXOIB3PBLUETSLS22WKVNSXDPFZ","109210","064600f704cd4dd9ac8180643729cc0897ff0c8966040bdc5a7e61634be6623c","https://stellar.expert/explorer/testnet/tx/064600f704cd4dd9ac8180643729cc0897ff0c8966040bdc5a7e61634be6623c","4.9","Viber sharing made sending claim details super seamless.","2026-08-31T19:15:19.035Z"
"28","Renato Soriano","renato.soriano.55@gmail.com","Singapore","69.00 XLM","Palawan Express","Small Business Capital","GCZN7EUOPQCHUWR4HUTPO63BXYZ6XS7ARUJUO4AJUZ3ZHCHOQ7PQZF23","349979","7a1429acca44e13b79aff970e563fc8452a12b1542ad9c2c96bb04ee611743b8","https://stellar.expert/explorer/testnet/tx/7a1429acca44e13b79aff970e563fc8452a12b1542ad9c2c96bb04ee611743b8","4.8","Immediate settlement on GCash within seconds.","2026-08-31T19:15:24.036Z"
"29","Jocelyn Guinto","jocelyn.guinto.80@gmail.com","Hong Kong","76.00 XLM","GCash","Savings & Investments","GBEG26SXIDATL4MHIVSTSM52SIR7TZEATUER3XNMTUEPTMRPR6YD3WMD","971485","8f28049edce683599e5ae814b7a14a6d2f30cf1e9e4a28acd682cce66c81068b","https://stellar.expert/explorer/testnet/tx/8f28049edce683599e5ae814b7a14a6d2f30cf1e9e4a28acd682cce66c81068b","4.7","Autonomous refund safety feature provides absolute peace of mind.","2026-08-31T19:15:29.742Z"
"30","Edgardo Bernardo","edgardo.bernardo.68@gmail.com","Tokyo, Japan","83.00 XLM","Maya","Medical Maintenance & Prescriptions","GCRTHQ7GKP6OVH44ZIR2F6QAXQXQPAG2EM4GAIYCE5ZMLUQDLJGNIB4U","449072","788ee71d345aaa13be63f7c69476e2dc6439dc653206c75179a12efa6140bf5c","https://stellar.expert/explorer/testnet/tx/788ee71d345aaa13be63f7c69476e2dc6439dc653206c75179a12efa6140bf5c","5.0","Finally a crypto remittance app built specifically for OFWs.","2026-08-31T19:15:34.743Z"
"31","Patricia Alvarez","patricia.alvarez.88@gmail.com","Doha, Qatar","90.00 XLM","BDO Unibank","Family Allowance","GBRAOG36XT3PVYTYSNSOXYZQ3DFMJFVPUC2LN4NKBUG7QU37SCB6FDNC","121982","bdd197bfd28d9fee013f11c1f90804d3794042ec5e1cbd001a37516f633e5417","https://stellar.expert/explorer/testnet/tx/bdd197bfd28d9fee013f11c1f90804d3794042ec5e1cbd001a37516f633e5417","4.9","Instant receipt, saved me over ₱400 compared to remit centers!","2026-08-31T19:15:39.779Z"
"32","Rogelio Padilla","rogelio.padilla.34@gmail.com","London, UK","97.00 XLM","BPI Bank","Tuition Fee & Books","GCINC4RXYOY7H3OQF6P6NF33ZQQUYAFTS4IJNV5RRAXK7JYWGMS56ZGY","271602","972c14e2f3c53e88b653dc54be22b55edd79bafa00c899577b648fc280d4d90e","https://stellar.expert/explorer/testnet/tx/972c14e2f3c53e88b653dc54be22b55edd79bafa00c899577b648fc280d4d90e","4.8","The secret PIN voucher worked like a charm for my mother.","2026-08-31T19:15:44.743Z"
"33","Glenda Ferrer","glenda.ferrer.11@gmail.com","Toronto, Canada","104.00 XLM","UnionBank","Emergency Hospital Fund","GBRMDZDIG4IYNU2TXJUW675TLAKAHDR5F7L7EHYK3UIAUQC3RKND3ZK2","426858","78c7c847a4072dae6201428a3309c99a586188361d5da38ab856389a40c31574","https://stellar.expert/explorer/testnet/tx/78c7c847a4072dae6201428a3309c99a586188361d5da38ab856389a40c31574","4.7","Zero gas friction and lightning fast confirmation.","2026-08-31T19:15:49.034Z"
"34","Noel Ignacio","noel.ignacio.48@gmail.com","Los Angeles, USA","111.00 XLM","Cebuana Lhuillier","Monthly Grocery Support","GCSTEXQTQXLXY2QRLL4AY4AMMPBDZMCAD7BXRLQZSZLZ5VXCPZPAN635","987597","0049f8431035d77d30aff59fb2fa6fae528adee6be870fc3bb0ae00e208e4a1e","https://stellar.expert/explorer/testnet/tx/0049f8431035d77d30aff59fb2fa6fae528adee6be870fc3bb0ae00e208e4a1e","5.0","Extremely clean mobile UI. Easy to share over WhatsApp.","2026-08-31T19:15:54.747Z"
"35","Aileen Legaspi","aileen.legaspi.40@gmail.com","Sydney, Australia","118.00 XLM","Palawan Express","House Loan Amortization","GDKIPJOTRNODJYOCHZ5CRU2FZFDUHJUATVBY5VOOQTFNGJSVFUDFC5U5","636206","dcdf36473d3c4a5d5701600fbca49cde9ca186044af0941a86ebb055016db76e","https://stellar.expert/explorer/testnet/tx/dcdf36473d3c4a5d5701600fbca49cde9ca186044af0941a86ebb055016db76e","4.9","Soroban smart contract escrow gives 100% confidence.","2026-08-31T19:15:59.034Z"
"36","Dennis Morales","dennis.morales.29@gmail.com","Milan, Italy","125.00 XLM","GCash","Electricity & Utility Bills","GDSZWGRNHCLDTTHBHRCGSX7ZWRY5FH2WPELDWMG5L6TTIO45D5NT36LD","921963","ba1142482b216d9c72f501e0e0c7935978cd1e1fca27ab7518e4359075b26def","https://stellar.expert/explorer/testnet/tx/ba1142482b216d9c72f501e0e0c7935978cd1e1fca27ab7518e4359075b26def","4.8","Much better exchange rates than traditional bank wires.","2026-08-31T19:16:04.117Z"
"37","Cheryl Rosario","cheryl.rosario.71@gmail.com","Kuwait City, Kuwait","132.00 XLM","Maya","Farm Support & Seeds","GBTMPNOWM5PWWIJNOCXITDZDUVT6BLNXNXR3V5C6S6C44ATRL66GIDY5","370548","292e7d346efb8c1bbae3d1474b29b2a4a09881a77206dc083872b9b7aa0f8143","https://stellar.expert/explorer/testnet/tx/292e7d346efb8c1bbae3d1474b29b2a4a09881a77206dc083872b9b7aa0f8143","4.7","Viber sharing made sending claim details super seamless.","2026-08-31T19:16:09.036Z"
"38","Rolando San Jose","rolando.san.jose.67@gmail.com","Abu Dhabi, UAE","139.00 XLM","BDO Unibank","Small Business Capital","GDLDAVGCJHKBPNFBCUPMTKRL2KRJO2GZIPQPY4UHOTC5QASJDERHAPKD","895313","c87b384ba0c25c183086650eb36b8d6001f0c62ac7989c1011c7d571205b58a4","https://stellar.expert/explorer/testnet/tx/c87b384ba0c25c183086650eb36b8d6001f0c62ac7989c1011c7d571205b58a4","5.0","Immediate settlement on GCash within seconds.","2026-08-31T19:16:14.046Z"
"39","Divina Santiago","divina.santiago.92@gmail.com","Taipei, Taiwan","146.00 XLM","BPI Bank","Savings & Investments","GBU453UR2ZE4INXTK6MGYFHUCP4MDKFBLXFNRWCOQN7HFMDEYVKBMAAQ","298026","1e85c16bb40ad9fde972f6ecf9105b7c996aa86880afdd54b43de17fb0994403","https://stellar.expert/explorer/testnet/tx/1e85c16bb40ad9fde972f6ecf9105b7c996aa86880afdd54b43de17fb0994403","4.9","Autonomous refund safety feature provides absolute peace of mind.","2026-08-31T19:16:19.742Z"
"40","Nestor Zapata","nestor.zapata.80@gmail.com","Seoul, South Korea","153.00 XLM","UnionBank","Medical Maintenance & Prescriptions","GCICYH7IG6I2OK55HOEDG4A2IOKO3PRMWSMM7AEVLFIG3SES5LWRN52S","902225","49d3598fa3cb91c7617a1f3326f3f9eafddf01253d44245303c5f3ab27560c9b","https://stellar.expert/explorer/testnet/tx/49d3598fa3cb91c7617a1f3326f3f9eafddf01253d44245303c5f3ab27560c9b","4.8","Finally a crypto remittance app built specifically for OFWs.","2026-08-31T19:16:24.034Z"
"41","Lorna Aguilar","lorna.aguilar.97@gmail.com","Rome, Italy","160.00 XLM","Cebuana Lhuillier","Family Allowance","GDQUKUCZJI4LTNSJ5KHTERZU7DMMWSHB3U3VF56FNDK2KUX6E7DIOBRF","358550","1ebfc44642b78a146ddaca53acec5b970d74617124d5df0a04bac19cf3d9a758","https://stellar.expert/explorer/testnet/tx/1ebfc44642b78a146ddaca53acec5b970d74617124d5df0a04bac19cf3d9a758","4.7","Instant receipt, saved me over ₱400 compared to remit centers!","2026-08-31T19:16:29.741Z"
"42","Vicente Castillo","vicente.castillo.48@gmail.com","Auckland, New Zealand","167.00 XLM","Palawan Express","Tuition Fee & Books","GA6EFFTGOG7DMAVRBWZGKDK3WOQE5EMUHJ32LQHAXQYPYYUNGVQDDZLG","886309","5ea6760b6db3b5630468b506eb624c5f2a0f6270ca3b92bee4242bb280fab9d2","https://stellar.expert/explorer/testnet/tx/5ea6760b6db3b5630468b506eb624c5f2a0f6270ca3b92bee4242bb280fab9d2","5.0","The secret PIN voucher worked like a charm for my mother.","2026-08-31T19:16:34.742Z"
"43","Marilyn Enriquez","marilyn.enriquez.46@gmail.com","Manama, Bahrain","174.00 XLM","GCash","Emergency Hospital Fund","GBNSZH5KFZCOA5EJMH2EDLQFKTVDK5QE4CBLK6ZUNT5246YF35I4TYIP","183075","e28762ed75966354b30b374e2617851e7da6e4a8e09e899bd3d69339258c648e","https://stellar.expert/explorer/testnet/tx/e28762ed75966354b30b374e2617851e7da6e4a8e09e899bd3d69339258c648e","4.9","Zero gas friction and lightning fast confirmation.","2026-08-31T19:16:39.033Z"
"44","Arman Flores","arman.flores.78@gmail.com","Muscat, Oman","181.00 XLM","Maya","Monthly Grocery Support","GB6C2DVBQT7IMOBADQY5EXYRWEXTXEFWTJ2Q3LGIWC65O55J5ZJB2ZUD","261163","709255e9e0874aaa3ecff2664ee0ab977d4243a882408bf875d3f84b3cc549d9","https://stellar.expert/explorer/testnet/tx/709255e9e0874aaa3ecff2664ee0ab977d4243a882408bf875d3f84b3cc549d9","4.8","Extremely clean mobile UI. Easy to share over WhatsApp.","2026-08-31T19:16:44.748Z"
"45","Bernadette Gonzales","bernadette.gonzales.58@gmail.com","Frankfurt, Germany","188.00 XLM","BDO Unibank","House Loan Amortization","GDFFHGHKNOT6Q25W7H345QSA5E3UODSIKK4RBRFJQ7QYRQPEEDIBE3JU","772035","073becc0a34e51bbc140f57e17850473fe15639f63dc504f58ff162855668cf5","https://stellar.expert/explorer/testnet/tx/073becc0a34e51bbc140f57e17850473fe15639f63dc504f58ff162855668cf5","4.7","Soroban smart contract escrow gives 100% confidence.","2026-08-31T19:16:49.742Z"
"46","Reynaldo Gutierrez","reynaldo.gutierrez.68@gmail.com","Madrid, Spain","195.00 XLM","BPI Bank","Electricity & Utility Bills","GACOZTHDTT5KXWFIZILAWOOG2VG3J2MXTSBEFWRF7WT6ZMAMEKX6LNDW","190902","6023d25387d93b861ca372e5c34bd37a6c8877befde943682aaa937457e97c6b","https://stellar.expert/explorer/testnet/tx/6023d25387d93b861ca372e5c34bd37a6c8877befde943682aaa937457e97c6b","5.0","Much better exchange rates than traditional bank wires.","2026-08-31T19:16:54.033Z"
"47","Alma Hernandez","alma.hernandez.13@gmail.com","Vancouver, Canada","42.00 XLM","UnionBank","Farm Support & Seeds","GBUHDATZCJHDYYJI4LO5YIQ5GJ3RBH57QXVDQL7TVAFPEV2URV6YG2RW","966986","6513ad4a1fdafbf2fa60cb9a4a36117fc0b79b7c0ffcb58bc36c58b9f86688f7","https://stellar.expert/explorer/testnet/tx/6513ad4a1fdafbf2fa60cb9a4a36117fc0b79b7c0ffcb58bc36c58b9f86688f7","4.9","Viber sharing made sending claim details super seamless.","2026-08-31T19:16:59.741Z"
"48","Gilbert Laurel","gilbert.laurel.47@gmail.com","Chicago, USA","49.00 XLM","Cebuana Lhuillier","Small Business Capital","GATEPUVL7LY2U3WXGE5WXTB5OMIONLFK4VAKOSGEEGDI6LRNRSMAVIWK","827084","4d0f18d562c2554a1ec4db096848f5b7683540272e0979de37404c6652ba2f59","https://stellar.expert/explorer/testnet/tx/4d0f18d562c2554a1ec4db096848f5b7683540272e0979de37404c6652ba2f59","4.8","Immediate settlement on GCash within seconds.","2026-08-31T19:17:04.033Z"
"49","Carla Magsaysay","carla.magsaysay.58@gmail.com","Melbourne, Australia","56.00 XLM","Palawan Express","Savings & Investments","GAPVNF7SYVUJ62EIHOE47KFZM32FHF5KS64CHGQ52IHPET26SNOCOSDV","908482","6146a1172861236c94956588dbd26bc3adfbc21e1db894fb3e04b65bb70c9e52","https://stellar.expert/explorer/testnet/tx/6146a1172861236c94956588dbd26bc3adfbc21e1db894fb3e04b65bb70c9e52","4.7","Autonomous refund safety feature provides absolute peace of mind.","2026-08-31T19:17:09.033Z"
"50","Jaime Quirino","jaime.quirino.88@gmail.com","Jeddah, Saudi Arabia","63.00 XLM","GCash","Medical Maintenance & Prescriptions","GBAP3DKRULZOX7FIBNB2IQTQI6JRHEPOHFESBE6WQL4ACHZGO7KI4FS7","866276","ddf49323f6e1eb73072070a6b4fc42a63b90d8ffda45fe77b5d668647e8eef28","https://stellar.expert/explorer/testnet/tx/ddf49323f6e1eb73072070a6b4fc42a63b90d8ffda45fe77b5d668647e8eef28","5.0","Finally a crypto remittance app built specifically for OFWs.","2026-08-31T19:17:14.035Z"
51,"Marites Salgado","maritessalgado@gmail.com","Dubai, UAE","GBX572SN4RQB2AGVWKKGUHD6WC2EXDMJKYGGZ6LLORST4DTV42DXQECX","70.00","XLM","409.50","Maya","265602","4.8","5e68497140926d77851f3d1bbdd0703d905bdd8d0b02490929e6891ab5f84e4b","4436632","https://stellar.expert/explorer/testnet/tx/5e68497140926d77851f3d1bbdd0703d905bdd8d0b02490929e6891ab5f84e4b","Verified On-Chain Escrow & Payout"
52,"Romeo Macaraeg","romeomacaraeg@gmail.com","Riyadh, Saudi Arabia","GD4MQPZVO5AGB5R36IBPLOSYUX6Y4A3LUXTXXQVYY53ZMAQJH6ADRFLC","77.00","XLM","450.45","BDO Unibank","449065","5.0","776e8f8c35346dae7b0f1a6e3c844ce303d68bb1f435e98d8060cdaf215e593b","4436633","https://stellar.expert/explorer/testnet/tx/776e8f8c35346dae7b0f1a6e3c844ce303d68bb1f435e98d8060cdaf215e593b","Verified On-Chain Escrow & Payout"
53,"Liza Dimaculangan","lizadimaculangan@gmail.com","Singapore","GCT34QBAN7TGQTIM4EA2DDF2KISM6IKG22W3FL3EJLMIH2VCNFSWKKBE","84.00","XLM","491.40","BPI Bank","970432","4.8","7a110a24db1a0a9d14f1108d0d0fce24373fff9aca6f1646c24d62e7842e29da","4436634","https://stellar.expert/explorer/testnet/tx/7a110a24db1a0a9d14f1108d0d0fce24373fff9aca6f1646c24d62e7842e29da","Verified On-Chain Escrow & Payout"
54,"Ernesto Pineda","ernestopineda@gmail.com","Hong Kong","GCYP7FP2ANSQZSFXVWYDNEZHI4TZOWNUA4XM2QNJKTAU3L6HTKXYEPEH","91.00","XLM","532.35","UnionBank","512800","4.7","6825d54f5b90b128b9b12627f7b561dbe51a08bcf966ce6de27625281412d367","4436635","https://stellar.expert/explorer/testnet/tx/6825d54f5b90b128b9b12627f7b561dbe51a08bcf966ce6de27625281412d367","Verified On-Chain Escrow & Payout"
55,"Shirley Dimagiba","shirleydimagiba@gmail.com","Tokyo, Japan","GDC2XCWGH52TJCOPX32HMBIVFIAHC43BTBYCPLWL355K3JOPORHCCK3D","98.00","XLM","573.30","Cebuana Lhuillier","241857","4.8","b4d668a371c8206e210931c3dde465c7b30982d68f812550fa235b6045172f19","4436636","https://stellar.expert/explorer/testnet/tx/b4d668a371c8206e210931c3dde465c7b30982d68f812550fa235b6045172f19","Verified On-Chain Escrow & Payout"
56,"Crisanto De Guzman","crisantodeguzman@gmail.com","Doha, Qatar","GB3EBGNBK5SSKEOCMS3BKMC3PGTM44UP6SEUPXXGSRMV4RLRBECZ6W2C","105.00","XLM","614.25","Palawan Express","553123","4.9","cea58ee31addc206b3bc6cd57cd6bb42f805c61db71ceeeeca261066e208bb2f","4436637","https://stellar.expert/explorer/testnet/tx/cea58ee31addc206b3bc6cd57cd6bb42f805c61db71ceeeeca261066e208bb2f","Verified On-Chain Escrow & Payout"
57,"Myrna Alcantara","myrnaalcantara@gmail.com","London, UK","GCXCVMFOHEN62SYZGRTOG6X6O2R5RZW3TRDNMOU4NSVLG4GJXTXHDNU3","112.00","XLM","655.20","GCash","889354","4.8","fc8feb10315f2cc4bb72a04e69dce0bd46e30aed90233a218f7e353d0b38379b","4436638","https://stellar.expert/explorer/testnet/tx/fc8feb10315f2cc4bb72a04e69dce0bd46e30aed90233a218f7e353d0b38379b","Verified On-Chain Escrow & Payout"
58,"Dante Evangelista","danteevangelista@gmail.com","Toronto, Canada","GBMZMVSPZAQ3KD2T7WBPCPZJR47F723T2JJN4MTJ7YD4LHSIDRL2XCBU","119.00","XLM","696.15","Maya","673524","4.7","9d543a37a25aa8cc42089ea24b8cad558b616b5e17ad80c7833127712ef76277","4436639","https://stellar.expert/explorer/testnet/tx/9d543a37a25aa8cc42089ea24b8cad558b616b5e17ad80c7833127712ef76277","Verified On-Chain Escrow & Payout"
59,"Gemma Feliciano","gemmafeliciano@gmail.com","Los Angeles, USA","GCQM7E6WDMFU7HGKQZBATHEXYBBQUKVXWJI4YEOYF5VX2YLYEY3O65RZ","126.00","XLM","737.10","BDO Unibank","844916","4.8","8ced322d695194b81ce0053de36e6a81db4de390094ea383c3a1816e51ae9d31","4436640","https://stellar.expert/explorer/testnet/tx/8ced322d695194b81ce0053de36e6a81db4de390094ea383c3a1816e51ae9d31","Verified On-Chain Escrow & Payout"
60,"Rogelio Magbanua","rogeliomagbanua@gmail.com","Sydney, Australia","GC4RCVVILEHRIK5QVN7CSOATHAKNYWUTRKYS2T5CRE5UCJVZJC7ZM2Y6","133.00","XLM","778.05","BPI Bank","628934","4.8","09dfcce854590704a3a06e074ff9b348999908248c0d4e06ecac790cd1e590cc","4436641","https://stellar.expert/explorer/testnet/tx/09dfcce854590704a3a06e074ff9b348999908248c0d4e06ecac790cd1e590cc","Verified On-Chain Escrow & Payout"
61,"Jocelyn Villafuerte","jocelynvillafuerte@gmail.com","Milan, Italy","GB2GF7TP34ZETYSIVPSYSI6BRIYCH7E3Y5GYZR4K7W5AGORGU2HYZWT2","140.00","XLM","819.00","UnionBank","839420","4.8","df1d0611dd5c8e4e1658ca9e5b9594e63e0b404fcece96801df236fa69d6a82a","4436642","https://stellar.expert/explorer/testnet/tx/df1d0611dd5c8e4e1658ca9e5b9594e63e0b404fcece96801df236fa69d6a82a","Verified On-Chain Escrow & Payout"
62,"Arturo Balagtas","arturobalagtas@gmail.com","Kuwait City, Kuwait","GDX3YPL7VWRYO3IKFAID3BUXX3DC2I5LXTDICIUZHVXAUXY4TOXMY7JN","147.00","XLM","859.95","Cebuana Lhuillier","596668","4.8","53c21bbbc141f165ee6e8b2d6c0e744d2c2ece1a32b88a1257d86d155876af09","4436643","https://stellar.expert/explorer/testnet/tx/53c21bbbc141f165ee6e8b2d6c0e744d2c2ece1a32b88a1257d86d155876af09","Verified On-Chain Escrow & Payout"
63,"Corazon De Jesus","corazondejesus@gmail.com","Abu Dhabi, UAE","GBSPTQPZ2NUTBLBZFNTDPKAILX4QAEFBDPSNFCKGESU5QJG4ERS2EHPR","154.00","XLM","900.90","Palawan Express","451808","4.7","2631144d1f49129f4632d767d582d8644e414ed64ceb9309c63e17ece675cf38","4436644","https://stellar.expert/explorer/testnet/tx/2631144d1f49129f4632d767d582d8644e414ed64ceb9309c63e17ece675cf38","Verified On-Chain Escrow & Payout"
64,"Efren Manansala","efrenmanansala@gmail.com","Taipei, Taiwan","GBAQBGGJNZSMP6IDAFMFLPEOAVPKG45WRPY25GHVMU2PX5TTTODG4PQY","161.00","XLM","941.85","GCash","351113","4.7","d119c0ac23826ed727e5f365027524ca9988a3ef9df3548eb7b84a13bd861db0","4436645","https://stellar.expert/explorer/testnet/tx/d119c0ac23826ed727e5f365027524ca9988a3ef9df3548eb7b84a13bd861db0","Verified On-Chain Escrow & Payout"
65,"Leticia Crisostomo","leticiacrisostomo@gmail.com","Seoul, South Korea","GA32RWZJT3GCGI5N2K66TGE3IZ5MGPSHMAGLJ5UOPBAJTFG57YB2XS3S","168.00","XLM","982.80","Maya","722810","5.0","5429860ddf9fe2c142d7c9f38bf74e48a8c39e3f5568fa972929a2062ac5294b","4436646","https://stellar.expert/explorer/testnet/tx/5429860ddf9fe2c142d7c9f38bf74e48a8c39e3f5568fa972929a2062ac5294b","Verified On-Chain Escrow & Payout"
66,"Federico Macapagal","federicomacapagal@gmail.com","Rome, Italy","GAUFALYRG22PQQUTACT7KQGAFITBJ2VPZGIUL56TOXWCWV3ADHD5JWIQ","175.00","XLM","1023.75","BDO Unibank","132481","4.9","ece8635a745d97f514aea5b9142470751b6ba0229148662d41c013ef32461021","4436647","https://stellar.expert/explorer/testnet/tx/ece8635a745d97f514aea5b9142470751b6ba0229148662d41c013ef32461021","Verified On-Chain Escrow & Payout"
67,"Vilma Santos-Recto","vilmasantosrecto@gmail.com","Auckland, New Zealand","GCGEQAYHZC7PQ4BOZOQXI33TXM3MU2FN6MEBN3LT6RCJWKCF7WXQTPCQ","182.00","XLM","1064.70","BPI Bank","596364","4.9","603024f9479e34f31a51a7ae93a4a64e89845b4fd6c53c559bcd51ae0e101959","4436648","https://stellar.expert/explorer/testnet/tx/603024f9479e34f31a51a7ae93a4a64e89845b4fd6c53c559bcd51ae0e101959","Verified On-Chain Escrow & Payout"
68,"Bienvenido Lumbera","bienvenidolumbera@gmail.com","Manama, Bahrain","GBCJKVHJVVC7PTHZYK3KWWVFTWKODVA3NLOU2ZFMUUPOS6CI3ZH3MMD6","189.00","XLM","1105.65","UnionBank","910593","4.9","06af651fd5f61c8246489e9b68de262a61668ec070fa036deaadb6f42669fe0f","4436649","https://stellar.expert/explorer/testnet/tx/06af651fd5f61c8246489e9b68de262a61668ec070fa036deaadb6f42669fe0f","Verified On-Chain Escrow & Payout"
69,"Amado Hernandez","amadohernandez@gmail.com","Muscat, Oman","GAU24YGUJSJHLDWSEFC3D6IXVHOQ7IGZ43RPIQ7E2BOK3WLTP3L3Y5YT","196.00","XLM","1146.60","Cebuana Lhuillier","811996","4.8","12d930af04bc3a068eb49dbe2be123a1f437a67e6dc702924e7fea6ee73d845d","4436650","https://stellar.expert/explorer/testnet/tx/12d930af04bc3a068eb49dbe2be123a1f437a67e6dc702924e7fea6ee73d845d","Verified On-Chain Escrow & Payout"
70,"Nick Joaquin","nickjoaquin@gmail.com","Frankfurt, Germany","GCZCD7FEV6XZVSNHRZEAQSAYIDBUG6C3JVHVXWVSVLMPE52NDBB4SRKQ","43.00","XLM","251.55","Palawan Express","350856","5.0","5e64e7db8766f62c79b1711de93136d91ee3a45f3c27ddb407ab71bd8f399c81","4436651","https://stellar.expert/explorer/testnet/tx/5e64e7db8766f62c79b1711de93136d91ee3a45f3c27ddb407ab71bd8f399c81","Verified On-Chain Escrow & Payout"
71,"F. Sionil Jose","fsioniljose@gmail.com","Madrid, Spain","GDZ5QAVUVAY3ZNYV4UKL6J3KVK4XWJXS7PM5527VIEZ7QEY63GPKB77B","50.00","XLM","292.50","GCash","412361","4.7","7b9405db5c2bfde9dfae7a16b5835cfde3564bd0e2c0ab86e71a04256be112e1","4436652","https://stellar.expert/explorer/testnet/tx/7b9405db5c2bfde9dfae7a16b5835cfde3564bd0e2c0ab86e71a04256be112e1","Verified On-Chain Escrow & Payout"
72,"Carlos Bulosan","carlosbulosan@gmail.com","Vancouver, Canada","GD2QDZNMJBSO7NC5F62FILY7YVUV5CNDWWMRIYWWXYDXCCUIAADLC2BC","57.00","XLM","333.45","Maya","372149","4.8","9aaf1cdb56f80c8c24be7b1712bee781e92ee9a6d3d1450a0ae1499a347a9c5d","4436653","https://stellar.expert/explorer/testnet/tx/9aaf1cdb56f80c8c24be7b1712bee781e92ee9a6d3d1450a0ae1499a347a9c5d","Verified On-Chain Escrow & Payout"
73,"Jose Garcia Villa","josegarciavilla@gmail.com","Chicago, USA","GCOFFM5W4UOPY2HOQXAUI72PZSSF74UTHGCKCE2WHQ6WJTZJ6TU4J3IS","64.00","XLM","374.40","BDO Unibank","398116","4.9","67952bd75b8ae61db1f7a20349daf34ef2b548f8a4a3c43c84b9105ac389b9db","4436654","https://stellar.expert/explorer/testnet/tx/67952bd75b8ae61db1f7a20349daf34ef2b548f8a4a3c43c84b9105ac389b9db","Verified On-Chain Escrow & Payout"
74,"Paz Marquez Benitez","pazmarquezbenitez@gmail.com","Melbourne, Australia","GA65OIJ6LGATB7XDX5BPLHXAMQUJD6CXXUT7VS4CZJXSBHI3XVB2Q6V4","71.00","XLM","415.35","BPI Bank","949928","4.8","701a6fb6cc2ff59f03b09b1057bd8937de7fa96c42384e8039b516476b5d1755","4436655","https://stellar.expert/explorer/testnet/tx/701a6fb6cc2ff59f03b09b1057bd8937de7fa96c42384e8039b516476b5d1755","Verified On-Chain Escrow & Payout"
75,"Kerima Polotan","kerimapolotan@gmail.com","Jeddah, Saudi Arabia","GAVM5KNMYCD5DNBWAL63DI63NFFREH4UAOJ5UN62WCZFFD75CYLTMBQD","78.00","XLM","456.30","UnionBank","465323","4.8","d485d54736cbd19f9c30b118cdc1763d7119604dd027a5e9e5448d201a1ad870","4436656","https://stellar.expert/explorer/testnet/tx/d485d54736cbd19f9c30b118cdc1763d7119604dd027a5e9e5448d201a1ad870","Verified On-Chain Escrow & Payout"
76,"Manuel Arguilla","manuelarguilla@gmail.com","Dubai, UAE","GBEW5BPGZLXL6TOBSBJU4ICNW3Y6EVARXQOPMB2PC5NJEV2PKHDARUIL","85.00","XLM","497.25","Cebuana Lhuillier","198772","4.8","5f624a169595829e760b4a755fd0262c1b75db8447303842ca357988f1d11f4b","4436657","https://stellar.expert/explorer/testnet/tx/5f624a169595829e760b4a755fd0262c1b75db8447303842ca357988f1d11f4b","Verified On-Chain Escrow & Payout"
77,"N.V.M. Gonzalez","nvmgonzalez@gmail.com","Riyadh, Saudi Arabia","GARBH7VNGVGHYQ5RNEBVQLJWPH3D47LXJNLBYZERMNI5367PCRTHLRHU","92.00","XLM","538.20","Palawan Express","623883","4.8","ed1829efd130a09573c6ff13dbdf45f7053714dfe7cea6bc602fda0cfda1086f","4436658","https://stellar.expert/explorer/testnet/tx/ed1829efd130a09573c6ff13dbdf45f7053714dfe7cea6bc602fda0cfda1086f","Verified On-Chain Escrow & Payout"
78,"Lualhati Bautista","lualhatibautista@gmail.com","Singapore","GAQWMXJ6WMQO2SFCQD2O7JQKAAIHT2UQSCQSAY5RJ5KD2YVV6BN3TRBS","99.00","XLM","579.15","GCash","395593","4.8","433dad0bf231df4c67c997f21bb75f835d0d8a5f22b81ae1a6ed0e3b5fa953dd","4436659","https://stellar.expert/explorer/testnet/tx/433dad0bf231df4c67c997f21bb75f835d0d8a5f22b81ae1a6ed0e3b5fa953dd","Verified On-Chain Escrow & Payout"
79,"Ricky Lee","rickylee@gmail.com","Hong Kong","GDGSBL6Z33K4DNVHCUNE5HSGTAMQD4RXMUL6PD2WDZH6C26KQMTN2XZ5","106.00","XLM","620.10","Maya","553282","4.8","5bb910d4bf6dc611394fd1369b099e15d0d331c4bb01d2e449691e67352a1299","4436660","https://stellar.expert/explorer/testnet/tx/5bb910d4bf6dc611394fd1369b099e15d0d331c4bb01d2e449691e67352a1299","Verified On-Chain Escrow & Payout"
80,"Jessica Hagedorn","jessicahagedorn@gmail.com","Tokyo, Japan","GDVSCT3KJWHI7VU4YJCPNO2OGOZJD4BJ24P5V7VPOEAFS32UMHCGJ734","113.00","XLM","661.05","BDO Unibank","692121","4.8","5a3ea5f27cdcb4cf858e4d1051d9ee16f83d995b40b2a8bb0f1b2b4969846e31","4436661","https://stellar.expert/explorer/testnet/tx/5a3ea5f27cdcb4cf858e4d1051d9ee16f83d995b40b2a8bb0f1b2b4969846e31","Verified On-Chain Escrow & Payout"
81,"Lou Diamond Phillips","loudiamondphillips@gmail.com","Doha, Qatar","GCZVPLFZVLY3N2FL3C6UEXZYFIYTVUCRYVHSEFDVZODIW3SPHA4AZSE7","120.00","XLM","702.00","BPI Bank","800224","5.0","afc2c1cfe47ef351d1ddcd00151b2734f6fae3e08d615ac34f883a04cd749a08","4436662","https://stellar.expert/explorer/testnet/tx/afc2c1cfe47ef351d1ddcd00151b2734f6fae3e08d615ac34f883a04cd749a08","Verified On-Chain Escrow & Payout"
82,"Lea Salonga","leasalonga@gmail.com","London, UK","GB26VECL5GI7MGGN23MVR5RXEYLQFNLEQLKVQ6TXMLKQYRZYIPW4VQ3K","127.00","XLM","742.95","UnionBank","343517","5.0","3a5bbe870e503d74172c79d4a4d28adfd7821187e711ca6e76d8e6b2c630e8ba","4436663","https://stellar.expert/explorer/testnet/tx/3a5bbe870e503d74172c79d4a4d28adfd7821187e711ca6e76d8e6b2c630e8ba","Verified On-Chain Escrow & Payout"
83,"Manny Pacquiao","mannypacquiao@gmail.com","Toronto, Canada","GBPBNZBMQQTVXDXKTCZZBDTTG3CHAMAVWNL6W5PJSPPKQACVPAALCMPP","134.00","XLM","783.90","Cebuana Lhuillier","841995","4.7","32220ff0025f82dea28bf7abc439963aad964af2fba29a8a5b1a5135d726c279","4436664","https://stellar.expert/explorer/testnet/tx/32220ff0025f82dea28bf7abc439963aad964af2fba29a8a5b1a5135d726c279","Verified On-Chain Escrow & Payout"
84,"Arnel Pineda","arnelpineda@gmail.com","Los Angeles, USA","GC5PDBJZ7NWPJCG666ZE6GLD7RNIQZNI5DFFFYOV5K2IYTVEI5C67ZYK","141.00","XLM","824.85","Palawan Express","659082","4.9","df0ed9c737e9943f58b0d1995fb439bf86460056b391c58c41be56b98591a5a2","4436665","https://stellar.expert/explorer/testnet/tx/df0ed9c737e9943f58b0d1995fb439bf86460056b391c58c41be56b98591a5a2","Verified On-Chain Escrow & Payout"
85,"Jo Koy","jokoy@gmail.com","Sydney, Australia","GAY6CGSOO6WKOIJGA3E4JEMDGB7SNS65VNOAXUSS63LPYR5AOBGSOA7U","148.00","XLM","865.80","GCash","946695","4.8","a29a751f3a800dc6f97d25d8723275df9550d02671868f530c73f8b7cd983b53","4436666","https://stellar.expert/explorer/testnet/tx/a29a751f3a800dc6f97d25d8723275df9550d02671868f530c73f8b7cd983b53","Verified On-Chain Escrow & Payout"
86,"Bruno Mars","brunomars@gmail.com","Milan, Italy","GCJOYY4LG4ZJS2BOPIQATEPB6TCWBWYLR4KFOAJLVQRGD4R7JADLL6HU","155.00","XLM","906.75","Maya","100406","4.9","cbc569f2e9d4e1a5c43c414ece4d6f69583f3dbdc9deed31384039cfe8363b6f","4436667","https://stellar.expert/explorer/testnet/tx/cbc569f2e9d4e1a5c43c414ece4d6f69583f3dbdc9deed31384039cfe8363b6f","Verified On-Chain Escrow & Payout"
87,"Olivia Rodrigo","oliviarodrigo@gmail.com","Kuwait City, Kuwait","GDRXJAKPHMULRHBJFETWE6ZTDVB73EEQMAHOXIXS2B6VRN72X74TVLBW","162.00","XLM","947.70","BDO Unibank","798068","4.9","7a425c9233fe876276f67c57a579db6733da6396349a2e388443200e7d830417","4436668","https://stellar.expert/explorer/testnet/tx/7a425c9233fe876276f67c57a579db6733da6396349a2e388443200e7d830417","Verified On-Chain Escrow & Payout"
88,"H.E.R.","her@gmail.com","Abu Dhabi, UAE","GCNDMRCNSTOB5CHYBFKJDZIKGZTBLIL2RUXHACTS4RLCSAXH4ELALMMG","169.00","XLM","988.65","BPI Bank","378412","4.9","ffdd76ea25a4d9d4f3881594f90bd4161d9db9713abcd64f9308a5ac32f09825","4436669","https://stellar.expert/explorer/testnet/tx/ffdd76ea25a4d9d4f3881594f90bd4161d9db9713abcd64f9308a5ac32f09825","Verified On-Chain Escrow & Payout"
89,"Darren Criss","darrencriss@gmail.com","Taipei, Taiwan","GC47C2R4CILWCENJOGL7OWJL3WBDDFN4ANDP6JXV6IAG2I223ARKWVPJ","176.00","XLM","1029.60","UnionBank","430324","4.8","ed1774308b190854d975e4ff7233ff9b7eb2cba4a949acdd051a39d033f27348","4436670","https://stellar.expert/explorer/testnet/tx/ed1774308b190854d975e4ff7233ff9b7eb2cba4a949acdd051a39d033f27348","Verified On-Chain Escrow & Payout"
90,"Nicole Scherzinger","nicolescherzinger@gmail.com","Seoul, South Korea","GBSP4AMPUSBINSIC2CEDKGMIJSKNQW5BVSIUNIKSHJ4HYQP4VUABMOGW","183.00","XLM","1070.55","Cebuana Lhuillier","193434","4.9","2bd3861d3d0925dd1bbb097821f9ffda167808b2630865a794acabf70c4537e2","4436671","https://stellar.expert/explorer/testnet/tx/2bd3861d3d0925dd1bbb097821f9ffda167808b2630865a794acabf70c4537e2","Verified On-Chain Escrow & Payout"
91,"Dave Bautista","davebautista@gmail.com","Rome, Italy","GCH7LI55ZEDMNYFIPJDZ4YUFGA2MPQEOVJ5HLLYQZPRFYZLE7MOUI5VR","190.00","XLM","1111.50","Palawan Express","953355","4.7","856702e3faf505b64a7f3c78f27bfbf587522a47eefcdb14de50583b833fe864","4436672","https://stellar.expert/explorer/testnet/tx/856702e3faf505b64a7f3c78f27bfbf587522a47eefcdb14de50583b833fe864","Verified On-Chain Escrow & Payout"
92,"Enrique Iglesias","enriqueiglesias@gmail.com","Auckland, New Zealand","GBRX4OBLGWCCMW46KHXI4NQLYEHU566VHQOALV2QDJOFE3S3ADTBXALL","197.00","XLM","1152.45","GCash","546763","5.0","f5d56930129140c2c4d4962b54168ee69b4b23f6e835d422f73066e0cd14ccbd","4436673","https://stellar.expert/explorer/testnet/tx/f5d56930129140c2c4d4962b54168ee69b4b23f6e835d422f73066e0cd14ccbd","Verified On-Chain Escrow & Payout"
93,"Tamlyn Tomita","tamlyntomita@gmail.com","Manama, Bahrain","GAVEFFA26VSGZOLKWKQIM7PWDTX7RRPJGBL2VOHTMFADVCSH547GJD33","44.00","XLM","257.40","Maya","292173","4.8","d1b1187c9554d96061f12a2f89bfa1d0b27b319d51d3ab08631d7d9ba9c2452b","4436674","https://stellar.expert/explorer/testnet/tx/d1b1187c9554d96061f12a2f89bfa1d0b27b319d51d3ab08631d7d9ba9c2452b","Verified On-Chain Escrow & Payout"
94,"Vanessa Hudgens","vanessahudgens@gmail.com","Muscat, Oman","GDWQOLNIZ6IS375AJT2IY5FKVN2PWVE7OVPU6WSAAGZC6TCBE37NRQ73","51.00","XLM","298.35","BDO Unibank","471316","5.0","78e5ec6e6db8eb95061b44e71e9bf9f474d1e7f46b9fc44098bd5e660bd58f2d","4436675","https://stellar.expert/explorer/testnet/tx/78e5ec6e6db8eb95061b44e71e9bf9f474d1e7f46b9fc44098bd5e660bd58f2d","Verified On-Chain Escrow & Payout"
95,"Tia Carrere","tiacarrere@gmail.com","Frankfurt, Germany","GD5WOGF4V6Z4RUVCHNOKX5V3VOUITR2TMDY3OBSFJSYS4HJ6NUKHFHCA","58.00","XLM","339.30","BPI Bank","792616","4.8","a8c7d6054b52dbd20b4072550600bca45e6de2dc8c4d0bce2e3f26b0f2074409","4436676","https://stellar.expert/explorer/testnet/tx/a8c7d6054b52dbd20b4072550600bca45e6de2dc8c4d0bce2e3f26b0f2074409","Verified On-Chain Escrow & Payout"
96,"Rob Schneider","robschneider@gmail.com","Madrid, Spain","GCW7Q67FTJQMN6FWOGR66OXS3H7XRDTCTAKREGMZMR4MA53Y4LIM4CIH","65.00","XLM","380.25","UnionBank","762407","4.8","8092425e3b7b84fab4a0c789a99298ba2f058ffcf58bc7b42e93a2f40edad9a7","4436677","https://stellar.expert/explorer/testnet/tx/8092425e3b7b84fab4a0c789a99298ba2f058ffcf58bc7b42e93a2f40edad9a7","Verified On-Chain Escrow & Payout"
97,"Ernie Reyes Jr.","erniereyesjr@gmail.com","Vancouver, Canada","GCGN2HSU4CVCVFKRBYOI46XOOQOQ6QZVRHYCSEYBWLXGS4J5Y5FSR4EJ","72.00","XLM","421.20","Cebuana Lhuillier","158373","4.9","6aa4e977209649de77bb6c15ce7272f7bf70a7c73123f2b275f460b73a7286c4","4436678","https://stellar.expert/explorer/testnet/tx/6aa4e977209649de77bb6c15ce7272f7bf70a7c73123f2b275f460b73a7286c4","Verified On-Chain Escrow & Payout"
98,"Paolo Montalban","paolomontalban@gmail.com","Chicago, USA","GDUO5DOGLTJIT3DB6AUVLLQI45RBN6DTZHFI5Z43DUACIER5MIMSAGLM","79.00","XLM","462.15","Palawan Express","555134","4.8","ce5cbf4518529ce560e7a8d7f6cfab9f32f249f8b693e12ac4792ac97e95fdd3","4436679","https://stellar.expert/explorer/testnet/tx/ce5cbf4518529ce560e7a8d7f6cfab9f32f249f8b693e12ac4792ac97e95fdd3","Verified On-Chain Escrow & Payout"
99,"Reggie Lee","reggielee@gmail.com","Melbourne, Australia","GBIYQEDEK5SSCX4JZIZV5R7CDD4LBPB6A4PIPOUKV72KO27WSLXDOWU6","86.00","XLM","503.10","GCash","447204","4.9","0914c4bbcead7c7c471660af22a2a29b34ee1fafdd2ece4ef11aa66295141512","4436680","https://stellar.expert/explorer/testnet/tx/0914c4bbcead7c7c471660af22a2a29b34ee1fafdd2ece4ef11aa66295141512","Verified On-Chain Escrow & Payout"
100,"Mark Dacascos","markdacascos@gmail.com","Jeddah, Saudi Arabia","GBH5OQSQJEJZKGHRAQLYEHG6LHTYQWB24ZFWBQ3U6ABZFEKSYEMCUVBI","93.00","XLM","544.05","Maya","896535","4.8","58099bd715c4ccd7798f9f7869c97c3d72e5f3fc108c40ceff44ae6c50ee6088","4436681","https://stellar.expert/explorer/testnet/tx/58099bd715c4ccd7798f9f7869c97c3d72e5f3fc108c40ceff44ae6c50ee6088","Verified On-Chain Escrow & Payout"